{"cameraMode":{"drawMode":0,"name":"Shaded","section":"Shading Mode"},"sceneLighting":true,"audioPlay":false,"sceneViewState":{"m_AlwaysRefresh":false,"showFog":true,"showSkybox":true,"showFlares":true,"showImageEffects":true,"showParticleSystems":true,"showVisualEffectGraphs":true,"m_FxEnabled":true},"in2DMode":false,"pivot":{"x":-1.1623194217681885,"y":0.30619770288467409,"z":0.23037439584732057},"rotation":{"x":0.09914245456457138,"y":-0.7398374676704407,"z":0.11181608587503433,"w":0.6559886932373047},"size":3.907545804977417,"orthographic":false}